{"cameraMode":{"drawMode":0,"name":"Shaded","section":"Shading Mode"},"sceneLighting":true,"audioPlay":false,"sceneViewState":{"showFog":true,"showMaterialUpdate":false,"showSkybox":true,"showFlares":true,"showImageEffects":true,"showParticleSystems":true},"in2DMode":false,"pivot":{"x":4.713522911071777,"y":-44.650367736816409,"z":83.49229431152344},"rotation":{"x":0.41057074069976809,"y":0.07284309715032578,"z":-0.03319301828742027,"w":0.9084067940711975},"size":151.5203399658203,"orthographic":false}