{"cameraMode":{"drawMode":0,"name":"Shaded","section":"Shading Mode"},"sceneLighting":false,"audioPlay":false,"sceneViewState":{"showFog":true,"showMaterialUpdate":false,"showSkybox":true,"showFlares":true,"showImageEffects":true,"showParticleSystems":true},"in2DMode":false,"pivot":{"x":-0.3046496510505676,"y":-3.8954038619995119,"z":-6.4434332847595219},"rotation":{"x":-0.002894898410886526,"y":-0.9525787830352783,"z":0.30419081449508669,"w":-0.008903340436518193},"size":11.11824893951416,"orthographic":false}