{"cameraMode":{"drawMode":0,"name":"Shaded","section":"Shading Mode"},"sceneLighting":true,"audioPlay":false,"sceneViewState":{"showFog":true,"showMaterialUpdate":false,"showSkybox":true,"showFlares":true,"showImageEffects":true,"showParticleSystems":true},"in2DMode":false,"pivot":{"x":313.0890197753906,"y":98.06654357910156,"z":206.97702026367188},"rotation":{"x":-0.2189047634601593,"y":-0.03161068260669708,"z":0.007095500826835632,"w":-0.9752090573310852},"size":514.230712890625,"orthographic":false}