{"cameraMode":{"drawMode":0,"name":"Shaded","section":"Shading Mode"},"sceneLighting":true,"audioPlay":false,"sceneViewState":{"showFog":true,"showMaterialUpdate":false,"showSkybox":true,"showFlares":true,"showImageEffects":true,"showParticleSystems":true},"in2DMode":false,"pivot":{"x":-3.8543992042541506,"y":12.754463195800782,"z":33.61277770996094},"rotation":{"x":0.010001997463405133,"y":0.9822573661804199,"z":-0.1790551245212555,"w":0.05486750975251198},"size":10.751789093017579,"orthographic":false}