{"cameraMode":{"drawMode":0,"name":"Shaded","section":"Shading Mode"},"sceneLighting":true,"audioPlay":false,"sceneViewState":{"showFog":true,"showMaterialUpdate":false,"showSkybox":true,"showFlares":true,"showImageEffects":true,"showParticleSystems":true},"in2DMode":false,"pivot":{"x":0.28885647654533389,"y":15.454909324645996,"z":37.6884765625},"rotation":{"x":0.2816751301288605,"y":0.06384127587080002,"z":0.01878640614449978,"w":-0.9572034478187561},"size":25.785762786865236,"orthographic":false}