{"cameraMode":{"drawMode":0,"name":"Shaded","section":"Shading Mode"},"sceneLighting":true,"audioPlay":false,"sceneViewState":{"showFog":true,"showMaterialUpdate":false,"showSkybox":true,"showFlares":true,"showImageEffects":true,"showParticleSystems":true},"in2DMode":false,"pivot":{"x":249.00289916992188,"y":140.0032958984375,"z":0.0},"rotation":{"x":-0.03888080269098282,"y":0.021821914240717889,"z":0.0008994856616482139,"w":0.9990066289901733},"size":942.6722412109375,"orthographic":false}