{"cameraMode":{"drawMode":0,"name":"Shaded","section":"Shading Mode"},"sceneLighting":true,"audioPlay":false,"sceneViewState":{"showFog":true,"showMaterialUpdate":false,"showSkybox":true,"showFlares":true,"showImageEffects":true,"showParticleSystems":true},"in2DMode":false,"pivot":{"x":378.2362365722656,"y":271.9136047363281,"z":-116.35108947753906},"rotation":{"x":0.2567507326602936,"y":-0.29480215907096865,"z":0.0826234370470047,"w":0.9167047142982483},"size":6.786402225494385,"orthographic":false}